Urls,Result
https://www.zonasegurabcpenlinea.com/iniciar-sesion,-1
http://wwwzonasegurabcp-viabcp2.com/iniciar-sesion,-1
http://www.zonasegvra-bnmultiweb.club/BNWeb/lnicio/,-1
https://twitter.com/matbet_turkiye/status/1261998047351001089,-1
http://www.mega-bahianinho.com/mobile/login.php?enc=1,-1
https://twitter.com/BahisSikayetOff/status/1243559751830700032,-1
https://magazineluizaecommerce-virtual.com/promocao.php,-1
https://bettika.com/,-1
https://bettika.com/betasus-yeni-adres-2020/,-1
http://bettika.com,-1
http://bettika.com/betasus-yeni-adres-2020/,-1
http://supervaluecopy.com/apple/home/,-1
http://supervaluecopy.com/apple/home/Signin,-1
http://supervaluecopy.com/apple/home,-1
https://righttobewhite.org/wp-includes/js/jquery/ui/x1x/v2/9fe74d449c65013/questions.php?cmd=_update&amp;dispatch=,-1
http://www.daletconsultores.com/red,-1
https://zubeeinternational.com/tim/ndgfnmL1NEoQ9BUR8EcVi30ApMMF6ix1CZxDPN4p20gRITbzEG6EL7S4FBctazoOtpogE5Hbarj,-1
http://itaucard.trocarpontos.com/login/cliente,-1
https://my-file-netfiix-canada.pro/b02f0c434ba1da7396aca257d0eb1e2f,-1
http://frhatyds.com/mtb.com,-1
https://holongglitters.com/Chase/Login.php?sslchannel=true&amp;sessionid=3ZV1K3cAnXPvKA0xQqi4NhDnrFiZqkGtkCu4FHE3Etzp4zWUZfZMwDaYisXINDc7gHcVoRZ2lyrp7nk6,-1
http://artvintagegallery.com/AbsaOnline/AbsaLogin.htm,-1
http://autorizador5.com.br/wp-content/plugins/contact-form-7/admin/compte/pp.fr/pp/default.asp/,-1
http://autorizador5.com.br/wp-content/plugins/contact-form-7/admin/compte/pp.fr/pp/default.asp,-1
https://www.qualitycounterfeits.com/tmp/190.25.109.813627/sucursalpersonas.transaccionesbancolombia.com/mua/index.html,-1
http://theseattlementalist.com/fred/rbcgi3m01.php,-1
https://www.topodesia.com.pe/Update/td/td/questions.html,-1
https://www.topodesia.com.pe/Update/td/td/index.html,-1
https://445d337b5cd5de476f99333df6b0c2a7.webredirect.org/hjhh/indexa.php?P=_93894575342hdfjsixaoweue5_j1489738549283781331983743fncn_Product-UserID&amp;fy9=nobody@mycraftmail.com,-1
http://comunaghergheasa.ro/n/outlook03,-1
http://comunaghergheasa.ro/n/outlook03/,-1
http://meglifepharma.in/live/office-3D8/,-1
http://meglifepharma.in/live/office-3D8,-1
http://membership.authjsh47q4wteaxusthi0fsahrsynetflix.com/b9e4093f970251d5bcf888b76944a4bc/tnFBsV27sc3kIMJg0Z8snqenramMHIXz.php?country=US-United+States&lang=en,-1
http://membership.authjsh47q4wteaxusthi0fsahrsynetflix.com/b9e4093f970251d5bcf888b76944a4bc,-1
http://whitmanfarmhoa.com/wp-content/uploads/2018/rbcbank19/rbcgi3m01.php,-1
https://riohaminoto.com/rmic/asrn.html,-1
http://myhealthinsquotes.com/blog/wp-content/themes/evolve/aiin/zimbra.php?P=_93894574342hdfjsixaoweue5_j1489738549283781331983743fncn_Product-UserID,-1
https://righttobewhite.org/wp-includes/js/jquery/ui/x1x/v2/9fe74d449c65013/questions.php,-1
http://energiaysistemas.com.sv/images/e60c57075f1949add190ec5b87816d98/liamg2.php,-1
https://my-file-netfiix-canada.pro/b02f0c434ba1da7396aca257d0eb1e2f/,-1
https://www.qualitycounterfeits.com/tmp/181.215.79.153678/sucursalpersonas.transaccionesbancolombia.com/mua/index.html,-1
https://hellorosette.com/aramark/onedrive-drive/,-1
https://hellorosette.com/aramark/onedrive-drive,-1
https://holongglitters.com/Chase/,-1
https://holongglitters.com/Chase,-1
http://lineolate-minuses.000webhostapp.com/U.S.2018/LogIn/us-integrals/home/auth/index.htm,-1
https://445d337b5cd5de476f99333df6b0c2a7.webredirect.org/hjhh/indexa.php?P=_93894575342hdfjsixaoweue5_j1489738549283781331983743fncn_Product-UserID&fy9=,-1
https://445d337b5cd5de476f99333df6b0c2a7.webredirect.org/hjhh,-1
http://www.lnrpro.com/BankofAmerica/43fc2253cc29acb/login.php,-1
https://zubeeinternational.com/tim/ndgfnmL1NEoQ9BUR8EcVi30ApMMF6ix1CZxDPN4p20gRITbzEG6EL7S4FBctazoOtpogE5Hbarj/,-1
"http://ichiki.ca/Don/content/3ebec3e98a13596413fbf38abbb3cb07/?user=&.verify?service=mail&data:text/html;charset=utf-8;base64,PGh0bWw+DQo8c3R5bGU+IGJvZHkgeyBtYXJnaW46IDA7IG92ZXJmbG93OiBoaWRkZW47IH0gPC9zdHlsZT4NCiAgPGlmcmFt",-1
http://ichiki.ca/Don/content,-1
https://toolsforresults.org/Vfile/pagee/step.php,-1
https://cidadeweb.tv.br/boalog/login.php?cmd=login_submit&amp;id=f4523f28952eeb1548ae556551111076f4523f28952eeb1548ae556551111076&amp;session=f4523f28952eeb1548ae556551111076f4523f28952eeb1548ae556551111076,-1
https://cidadeweb.tv.br/boalog/login.php?cmd=login_submit&amp;id=14eb554a911b79055dd809a5d817ed3f14eb554a911b79055dd809a5d817ed3f&amp;session=14eb554a911b79055dd809a5d817ed3f14eb554a911b79055dd809a5d817ed3f,-1
http://whitmanfarmhoa.com/wp-content/uploads/2018/rbcbank19/rbcgi3m01.php?rbaccess&rbcgi3m01?F6=1&F7=IB&F21=IB&F22=IB&REQUEST=ClientSignin&LANGUAGE=ENGLISH,-1
http://whitmanfarmhoa.com/wp-content/uploads/2018/rbcbank19,-1
http://www.lnrpro.com/BankofAmerica/e764031a500d5b3/login.php?,-1
http://onlinesport88.com/bizmail.php,-1
http://profile-update.team/mobile/smsinsert.php,-1
http://profile-update.team/mobile/pininsert.php,-1
http://profile-update.team/mobile/index.php?app-token=1ab4%20%20fj3d8c79h26ig5e0CE2K8YfIg%20XOru%20ZMGLPa5%20Bb%20S%20379ag1D6FpTASw%20k%20moHJwNXXXXXXXXXXXX,-1
http://www.lnrpro.com/BankofAmerica/7c0b8f5c2b2e2d0/login.php?,-1
http://holofoundry53.com/chasee-info/,-1
http://holofoundry53.com/chasee-info,-1
http://holofoundry53.com/chasee-info/Login.php?sslchannel=true,-1
http://holofoundry53.com/chasee-info/Login.php?sslchannel=true&amp;sessionid=RVBwa3ReOWRM6EIfKshndSNETFxuDV30GYLl8dbaX1bppOXSBE6aE32l0FgHCtlO0H7s8tEVYipCr7jM,-1
http://www.daletconsultores.com/red/,-1
http://www.lnrpro.com/BankofAmerica/fcade1acd5a2056/login.php,-1
http://appleid.apple.com-your-account-login.443.richardhyettlawyernotary.com/final/0141a8aedb1b53970fac7c81dac79fbe/,-1
http://appleid.apple.com-your-account-login.443.richardhyettlawyernotary.com/final/0141a8aedb1b53970fac7c81dac79fbe,-1
http://appleid.apple.com-your-account-login.443.richardhyettlawyernotary.com/final/83691715fdc5baf20ed0742b0b85785b/,-1
http://appleid.apple.com-your-account-login.443.richardhyettlawyernotary.com/final/83691715fdc5baf20ed0742b0b85785b,-1
http://13.91.41.232/paypal,-1
http://rbi-in-org.com/online/register-onlinebnkn.php,-1
http://rbi-in-org.com/online/login.php,-1
http://rbi-in-org.com/online/helpdesk.aspx.htm,-1
"https://secure.runescape.rs-ee.xyz/m=weblogin/loginform.ws342,654,845,86442754,14",-1
http://amazon.co.jp.kfuhgd.shop/,-1
http://secure.runescape.com-q.ru/,-1
https://secure.runescape.com-q.ru/,-1
http://secure.runescape.com-e.buzz/,-1
https://secure.runescape.com-e.buzz/,-1
http://secure.runescape.com-u.icu/,-1
https://secure.runescape.com-u.icu/,-1
http://meiweigroup.net/wp-includes/viewshop/images/next_arrow/photosearch.php/kcq/rxnyu/?lady=f1k0zf125gsyrg,-1
http://frhatyds.com/mtb.com/,-1
https://efivapuv.myhostpoint.ch/en/,-1
"https://secure.runescape.com-zx.ru/m=auth/verification.ws965,512,965,68531563,676028",-1
"https://secure.runescape.com-zx.ru/m=verify/verification.ws965,512,965,68531563,676028",-1
"https://secure.runescape.com-zx.ru/m=weblogin/loginform965,512,965,68531563,2491",-1
https://oldschool-runescapemobile.ru/promo.html,-1
https://markforinsurance.com/facebook.com/193483/m.html,-1
http://appleid.apple.com-your-account-login.443.richardhyettlawyernotary.com/final/ec0805f013b5bb2f8231160d0ac06b48/,-1
http://appleid.apple.com-your-account-login.443.richardhyettlawyernotary.com/final/ec0805f013b5bb2f8231160d0ac06b48,-1
http://appleid.apple.com-your-account-login.443.richardhyettlawyernotary.com/final/e8d92f99edd25e2cef48eca48320a1a5/,-1
http://appleid.apple.com-your-account-login.443.richardhyettlawyernotary.com/final/e8d92f99edd25e2cef48eca48320a1a5,-1
http://51jianli.cn/images/?us.battle.net/login/en?ref=xyvrmzdus.battle.,-1
http://51jianli.cn/images/?us.battle.net/login/en?ref=xyvrmzdus.battle,-1
http://51jianli.cn/images/?http:/us.battle.net/login/en?ref=http:/xyvrm,-1
http://51jianli.cn/images/?http:/us.battle.net/login/en?ref=http:/xyvr,-1
https://zohard.com/.well-known/pki-validation/mod/unblockverification/customer_center/customer-IDPP00C963/signin/signin.php?cmd=_update-information&amp;account_update=410ea35205cc9e1fcd677019015dec05&amp;lim_session=bb7d5d24f943b4870d7d1597f310046e489043f4,-1
http://175.107.206.134/wp-content/plugins/rbcbank19/rbcgi3m01.php?=&amp;amp=&amp;amp=&amp;amp=&amp;amp=&amp;amp=&amp;amp=&amp;amp=&amp;rbaccess=,-1
http://13.91.41.232/paypal/,-1
https://holongglitters.com/Chase/Login.php?sslchannel=true&amp;sessionid=7Zgl2hrLfmeGUerwepKzeyMHLt6pOqtWpKis1Keh7tX1IpyWOjw2RiJDLQ2AhvwHgPahzoyHSwIAVhxK,-1
https://holongglitters.com/Chase/Login.php,-1
"https://secure.runescape.com-e.icu/m=weblogin/loginForm.ws325,743,342,86763465,1",-1
https://rakuten.co.jp.yxhckh.ph/registfwd.php,-1
http://secure.runescape.com-e.icu/,-1
https://secure.runescape.com-e.icu/,-1
http://www.smbc-wb.com/,-1
http://smbc-wb.com/,-1
http://surfhossegor.com/cache/1/sucursalpersonas.transaccionesbancolombia.com/mua,-1
http://surfhossegor.com/cache/1/sucursalpersonas.transaccionesbancolombia.com/mua/,-1
https://surfhossegor.com/cache/1/sucursalpersonas.transaccionesbancolombia.com/mua,-1
https://surfhossegor.com/cache/1/sucursalpersonas.transaccionesbancolombia.com/mua/,-1
https://actualist-matter.000webhostapp.com/token=156482/paypal/login.html,-1
"https://services.runescape.com-zx.ru/m=forum/forums.ws966,952,849,24759121,1136",-1
"https://secure.runescape.com-un.ru/m=forum/forums.ws243,231,863,98644358,1136",-1
https://dofus-eventofficiel.com/,-1
https://www.payecnseu.com/,-1
https://atarh.com/wp-content/uploads/2020/05/pl/capital1last/c1,-1
https://mythreeaccount-login.com/LOGIN/LOGIN/,-1
https://my3.uk-auth-c34.com/acc/,-1
https://my3.uk-auth-c34.com/acc,-1
https://rakuten.co.jp.yshqkg.ph/registfwd.php,-1
https://frhatyds.com/mtb.com,-1
https://cluttersfrees.top/chase/chase,-1
http://jppost-mu.top/aqf.html,-1
http://universidadeprevisivel.com/wp-content/uploads/2020/05/ws/1.html,-1
https://universidadeprevisivel.com/wp-content/uploads/2020/05/ws/1.html,-1
http://gvrg39iu.ga/hh/paypal/myaccount/signin/?country.x=&locale.x=en_,-1
http://gvrg39iu.ga/hh/paypal/index.php,-1
http://www.skyline-china.com/wp-includes/css/xwells/https.wellsfargo.com.home/wells-fargo-security-update/login.php?cmd=login_submit&amp;id=98315dab555054f59cce4eacf72c81b598315dab555054f59cce4eacf72c81b5&amp;session=98315dab555054f59cce4eacf72c81b598315dab555054f59cce4eacf72c81b5,-1
http://fsasfacture.com/fr/Freesas/e3263ddabbd43cf4be32fef03c41ba91,-1
http://clubulnautic.ro/wp-content/plugins/maintenance/fr/postale-compte/2a468,-1
"https://secure.runescape.com-un.ru/m=forum/forums.ws353,429,749,58662559,1049",-1
https://konfirmasi-akun197.webnode.com/,-1
https://konfirmasi-akun-anda5769.webnode.com/,-1
http://adv-repair-2020.my.id/Inc.htm?,-1
https://bit.ly/2y7OYUr,-1
http://jppost-ma.top/zar.html,-1
http://u692503md5.ha004.t.justns.ru/Amazon/review7809,-1
https://atarh.com/wp-content/uploads/2020/05/pl/capital1last/c1/,-1
http://steamcommuntly.net.ru/,-1
https://steamcommuntly.net.ru/,-1
http://minyak-belacak.original-malaysia.com/wp-content/plugins/worker/configuracion.php/zwcw/nfp/?spent=xgk1g01fu25fr,-1
https://gvrg39iu.ga/hh/paypal/myaccount/signin/?country.x=&locale.x=en_,-1
https://gvrg39iu.ga/hh/paypal/index.php,-1
https://frhatyds.com/mtb.com/,-1
https://markforinsurance.com/facebook.com/193483,-1
https://markforinsurance.com/facebook.com/193483/,-1
https://cluttersfrees.top/chase/chase/index.html,-1
https://cluttersfrees.top/chase/chase/,-1
https://papersowl.me/wp-includes/IXR/marjiuanaperfectmoney/New/home/3941c4358616274ac2436eacf67fae05,-1
https://essexcapitalinvestigation.com/up/ama/d8c49,-1
https://akioplt.com/kuos/ddfgcvvg,-1
https://akioplt.com/kuos/ddfgcvvg/,-1
http://rustrarecoinsinvestigation.com/css,-1
http://isiwarasiritha.com/verificationchase/home,-1
http://das-home.gr/dropbox/dropbox,-1
http://appleid.apple.com-your-account-login.443.richardhyettlawyernotary.com/final/1abf005ea3f957c5cb79941ab7707c11,-1
http://microsoft-logins.dns.army/subscription/admin/,-1
http://microsoft-logins.dns.army/subscription/admin,-1
https://rakuten.co.jp.cshfkt.ph/registfwd.php,-1
https://www20.semana-do-cliente-feliz.com/oferta-do-dia/orders/,-1
https://sempre-ajudando.com/oferta-do-dia/orders/,-1
http://officem-microsoft.dns.army/subscription/admin/,-1
http://officem-microsoft.dns.army/subscription/admin,-1
http://myhealthinsquotes.com/blog/wp-content/themes/evolve/aiin,-1
http://myhealthinsquotes.com/blog/wp-content/themes/evolve/aiin/zimbra.php?P=_93894574342hdfjsixaoweue5_j1489738549283781331983743fncn_Product-UserID&email=,-1
http://fsasfacture.com/fr/Freesas/e3263ddabbd43cf4be32fef03c41ba91/,-1
http://fsasfacture.com/fr/Freesas,-1
http://tmlewin.id/mail202/login.php,-1
http://www.stteresas.ulkka.com/.well-known/acme-challenge/boa/fd7f33beb992bce8c6f9f267f902867e/login.php?cmd=login_submit&amp;id=28cf2740194345637ec29648568c851828cf2740194345637ec29648568c8518&amp;session=28cf2740194345637ec29648568c851828cf2740194345637ec29648568c8518,-1
http://amazonupdate.digitalbalanceweb.com/amzond/details.php,-1
http://www.lnrpro.com/BankofAmerica/c015f623d05061d/login.php,-1
http://isiwarasiritha.com/verificationchase/home/,-1
https://essexcapitalinvestigation.com/up/ama/d8c49/,-1
https://visualthing.com/www/inet/ent_logon/Logon/confirm.php,-1
https://visualthing.com/www/inet/ent_logon/Logon/pin.php,-1
https://cruzrojamorelos.org/897dsf4g/s84z/login.php,-1
http://alert-wells-blocked.site/mobile/index.php,-1
http://glovm.com/wp-admin/css/one,-1
http://glovm.com/wp-admin/css/one/,-1
http://regularizacaixa.com/caixa.php,-1
https://www.qualitycounterfeits.com/tmp/181.214.183.874630/sucursalpersonas.transaccionesbancolombia.com/mua/index.html,-1
http://instaqram.icu/,-1
https://www.supportonlinesecurity.com/home.php,-1
https://www.ltausmilesecurity.com/home.php,-1
http://privacy-status.mobi/mobile/index.php,-1
http://coreenergy.pro/wp-admin/connect.login/pMTM5MS0xOTIuMTY4LjAuMC02NjM=p/_xlogNDYwMTc4MUFCRENERkFNw6BB,-1
https://wwwitau.atendimento.finance/app,-1
https://wwwitau.atendimento.finance/app/,-1
https://enviadoclientesms-com.umbler.net/clientesms/home.php,-1
http://olhe.me/itaucartoesapp,-1
https://smsenviadocliente-com.umbler.net/clientesms,-1
http://www.semprepresensecurity.com/confirmacao,-1
http://www.semprepresensecurity.com/home.php,-1
http://coreenergy.pro/wp-admin/connect.login/,-1
https://www.atendimento-online-security.com/home.php,-1
http://wwwitau.atendimento.finance/app/mobile/lock.php,-1
http://theseattlementalist.com/fred/rbcgi3m01.php?rbaccess&rbcgi3m01?F6=1&F7=IB&F21=IB&F22=IB&REQUEST=ClientSignin&LANGUAGE=ENGLISH,-1
http://theseattlementalist.com/fred,-1
http://www.m.paypal.account.com.smsnetpro.com/gs_gen/gsf8833059092ced878b651fd0f293e9a4/?dispatch=vr4f3vuhy5bvs9r7ri5zjkeygwz3ytjbodm66pcb8ynvp0xcf8,-1
http://m.paypal.account.com.smsnetpro.com/gs_gen/gs333c85605d1034b462737bf1b2412f48/?dispatch=eweo4wxwsaqwtu34snm5xe85sj6r7vetlcw3gkv3zvur5drgpn,-1
http://www.m.paypal.account.com.smsnetpro.com/gs_gen/gs6ae042379e5906ee52d826596c7f6644/?dispatch=uvg1sm0uniyafbqtp1sh2jb6bvyfvicszgh7rzfbggsribhdlb,-1
http://m.paypal.account.com.smsnetpro.com/gs_gen/gs78a8cc6d6b48bde23f1122817f433c3a/?dispatch=hx7u4u4gmbbzz8uglqdg2ulwpkicv9jqdswxl4lzdgvwi576ik,-1
http://www.citiaonlineccproces.pierceremodelinggroup.icu/surf4.php,-1
http://5.189.189.190/post.php,-1
http://5.189.189.190/otp.login.php,-1
https://u692503md5.ha004.t.justns.ru/Secure-Account/review7809,-1
https://papersowl.me/wp-includes/IXR/marjiuanaperfectmoney/New/home/3941c4358616274ac2436eacf67fae05/,-1
http://cogimar-ab.net/modules/mod_stats/tmpl/bblivelo/desbloqueandodispositivo.php#195026.shtml-,-1
http://cogimar-ab.net/modules/mod_stats/tmpl/bblivelo/ambientelayout=completo.php,-1
http://mcwainlaw.com/secure/btele/index.php,-1
http://mcwainlaw.com/wells/btele/index.php,-1
http://mcwainlaw.com/chase/btele/index.php,-1
https://paypalverifycentral.com/dd2a2ef6b88ebb12a84f7a14520b92f5/payment.php?dispatch=gjbyjc0slcyqxvmkrecb7hghxoiwie4mhsbafl1836u1j4owhm,-1
https://paypalverifycentral.com/dd2a2ef6b88ebb12a84f7a14520b92f5/personal.php?dispatch=gjbyjc0slcyqxvmkrecb7hghxoiwie4mhsbafl1836u1j4owhm,-1
http://paypalverifycentral.com/dd2a2ef6b88ebb12a84f7a14520b92f5/?dispatch=gjbyjc0slcyqxvmkrecb7hghxoiwie4mhsbafl1836u1j4owhm&amp;email=,-1
https://paypalverifycentral.com/dd2a2ef6b88ebb12a84f7a14520b92f5/?dispatch=gjbyjc0slcyqxvmkrecb7hghxoiwie4mhsbafl1836u1j4owhm&amp;email=,-1
https://paypalverifycentral.com/0da5ddf2f74ebabbf5c48e7cb9732faa/payment.php?dispatch=xmgxunv1qxzmtbvbmuj5qfx10ysuxqblpxrh9j26qinbhau4hf,-1
https://paypalverifycentral.com/0da5ddf2f74ebabbf5c48e7cb9732faa/personal.php?dispatch=xmgxunv1qxzmtbvbmuj5qfx10ysuxqblpxrh9j26qinbhau4hf,-1
http://paypalverifycentral.com/0da5ddf2f74ebabbf5c48e7cb9732faa/?dispatch=xmgxunv1qxzmtbvbmuj5qfx10ysuxqblpxrh9j26qinbhau4hf&amp;email=,-1
https://paypalverifycentral.com/0da5ddf2f74ebabbf5c48e7cb9732faa/?dispatch=xmgxunv1qxzmtbvbmuj5qfx10ysuxqblpxrh9j26qinbhau4hf&amp;email=,-1
https://smsenviadocliente-com.umbler.net/clientesms/home.php,-1
https://mcwainlaw.com/att/btele,-1
https://mcwainlaw.com/att/btele/,-1
https://ceilbalancing.com/0/?email=,-1
https://ceilbalancing.com/0?email=,-1
http://clubulnautic.ro/wp-content/plugins/maintenance/fr/postale-compte/2a468/,-1
http://clubulnautic.ro/wp-content/plugins/maintenance/fr/postale-compte,-1
http://dahadpattern.com/Testimonial/user1/access/LinkedIn/,-1
http://dahadpattern.com/Testimonial/user1/access/LinkedIn,-1
https://mcwainlaw.com/telekom/btele/index.php,-1
https://nstexim.com/xweb/o/u/,-1
https://nstexim.com/xweb/o/u,-1
http://www.lnrpro.com/BankofAmerica/4b5eb6c60e1495f/login.php?,-1
http://www.clubulnauticroman.ro/wp-content/plugins/maintenance/fr/postale-compte/28f0f/,-1
http://www.clubulnauticroman.ro/wp-content/plugins/maintenance/fr/postale-compte/28f0f,-1
https://quicksilverrealestate.com/ch/home/home/home/home/Logging_in.php,-1
http://amazon.orijomanui.com/,-1
http://sec42.edu.mx/nerb/,-1
http://sec42.edu.mx/nerb,-1
https://www.qualitycounterfeits.com/tmp/181.214.182.1523061/sucursalpersonas.transaccionesbancolombia.com/mua/index.html,-1
http://www.lnrpro.com/BankofAmerica/65bfa2fb1157d06/login.php,-1
https://surfhossegor.com/cache/87.115.231.2157230/sucursalpersonas.transaccionesbancolombia.com/mua/,-1
https://surfhossegor.com/cache/87.115.231.2157230/sucursalpersonas.transaccionesbancolombia.com/mua,-1
http://grupwhattssappbarbagividiodewasaterbaru2020.000webhostapp.com/,-1
http://chat-whatsagp.com/Kl3xXmWgsmNLL186ZFjGg7/,-1
http://chat-whatsagp.com/Kl3xXmWgsmNLL186ZFjGg7,-1
http://www.paypalinfo.raylf.org/,-1
http://a0435684.xsph.ru/zryetrh/fixed_new/customer_center/customer-IDPP00C328/login.php,-1
https://dev.typetraction.com/GOUV/interac2019v2/directing/www.cibc.mobi/ebm-mobile-anp/accountConfirm.php,-1
https://dev.typetraction.com/GOUV/interac2019v2/directing/desjardins/identifiantunique/indentification.php,-1
https://surfhossegor.com/cache/145.239.156.893909/sucursalpersonas.transaccionesbancolombia.com/mua,-1
https://surfhossegor.com/cache/145.239.156.893909/sucursalpersonas.transaccionesbancolombia.com/mua/,-1
https://surfhossegor.com/cache/185.187.30.138723/sucursalpersonas.transaccionesbancolombia.com/mua,-1
https://surfhossegor.com/cache/185.187.30.138723/sucursalpersonas.transaccionesbancolombia.com/mua/,-1
https://mianbaotop.top/xi/xi/ix/login-option.php,-1
http://www.gov.rebate0201.com/,-1
https://www.qualitycounterfeits.com/tmp/76.219.224.1295519/sucursalpersonas.transaccionesbancolombia.com/mua/index2.php,-1
http://digitalbrandits.com.au/wp-includes/ID3/Language/Caption/userface/wells.htm,-1
http://digitalbrandits.com.au/wp-includes/ID3/Language/Caption/userface/dc.html,-1
http://anarresportal.com/rmic/asrn.html,-1
http://security-wells.mobi/mobile/smsinsert.php,-1
http://security-wells.mobi/mobile/pininsert.php,-1
https://www20.ame-promo-maio-especialdemaio.com/oferta-do-dia//?moto-g8-plus-64gb-dual-chip-android-6.3&amp;skullid=348939744&amp;cart=MzQ4OTM5NzQ0,-1
https://semana-toda-maes.com/oferta-do-dia/orders/,-1
https://promodigitaldw2seguro.com/oferta-do-dia/?moto-g8-plus-64gb-dual-chip-android-6.3-qualcomm-snapdragon-665-4g-c%C3%A2mera-48mp-+-5mp-+-16mp-cereja&amp;skullid=806182467&amp;cart=ODA2MTgyNDY3,-1
https://compreassimbarato.com/oferta-do-dia/orders/,-1
http://www.amazon.co.jp.lfdogu.shop/,-1
https://liquidaoferta.co/acompanhamento/,-1
https://mostre-seu-amor-no-dia-dos-namorados.com/oferta-do-dia//?geladeirarefrigerador-electrolux-french-door-dm84x-579-litros-inox-&amp;skullid=255013731&amp;cart=MjU1MDEzNzMx,-1
http://sucursalpersonastransacciones.grupbarcolombia.com.co/transacciones/mua2/targeta,-1
http://sucursalpersonastransacciones.grupbarcolombia.com.co/transacciones/mua2/targeta/,-1
https://old-antiek.ru/must/,-1
http://fbc102111201801-com.preview-domain.com/,-1
http://artferro.ru/uhsc.php,-1
https://semanapremium4.com/oferta-do-dia//?smart-tv-led-50-samsung-50ru7100-ultra-hd-4k-com-conversor-digital-3-hdmi-2-usb-wi-fi-visual-livre-de-cabos-controle-remoto-Ãšnico-e-bluetooth&amp;skullid=587817296&amp;cart=NTg3ODE3Mjk2,-1
http://lls.imfudge.co.uk/bdghskgs/wells/,-1
http://lls.imfudge.co.uk/bdghskgs/wells,-1
https://surfhossegor.com/cache/38.145.76.2068931/sucursalpersonas.transaccionesbancolombia.com/mua/index.html,-1
https://surfhossegor.com/cache/35.180.20.1686480/sucursalpersonas.transaccionesbancolombia.com/mua/index.html,-1
https://surfhossegor.com/cache/190.13.55.644483/sucursalpersonas.transaccionesbancolombia.com/mua/index.html,-1
https://surfhossegor.com/cache/185.187.30.138723/sucursalpersonas.transaccionesbancolombia.com/mua/index.html,-1
https://surfhossegor.com/cache/181.215.88.764693/sucursalpersonas.transaccionesbancolombia.com/mua/index.html,-1
https://surfhossegor.com/cache/145.239.156.893909/sucursalpersonas.transaccionesbancolombia.com/mua/index.html,-1
https://update-aplicativo.dxpsites.net/wp-includes/update/safe/app/mobile/index.php?app=https://www.itau.com.br/acesso/seguranca/sincronismo,-1
https://update-aplicativo.dxpsites.net/wp-includes/update/safe/app/mobile/9812card.php,-1
https://update-aplicativo.dxpsites.net/wp-includes/update/safe/app/mobile/981239sd.php,-1
https://update-aplicativo.dxpsites.net/wp-includes/update/safe/app/mobile/89120asd.php,-1
http://avega-center.ru/logs/chase.online.alert/auth.php,-1
http://das-home.gr/dropbox/dropbox/,-1
https://artisan.community/oprc.php,-1
http://rustrarecoinsinvestigation.com/css/,-1
http://advonationusa.com/wp-image/1/service/myaccount/index.php?cmd=login_submit&amp;id=7f0fcf73a3d9d873a535e5f7f9d3af287f0fcf73a3d9d873a535e5f7f9d3af28&amp;session=7f0fcf73a3d9d873a535e5f7f9d3af287f0fcf73a3d9d873a535e5f7f9d3af28,-1
http://www.sfs-group.net/wp-includes/SimplePie/metrotome,-1
http://amazonhu.qmtzirc.cn/,-1
http://siriananstock.com/idbe.php,-1
http://nowgifts.net/pp/app/index,-1
https://old-antiek.ru/Gold/app/signin,-1
"https://secure.runescape.rs-sr.xyz/m=weblogin/loginform.ws326,434,754,67437654,14",-1
https://work-shy-hashmarks.000webhostapp.com/MeusProdutos/Prefetch.php?skullid=254252346634,-1
http://secure.runescape.rs-sr.xyz/,-1
https://secure.runescape.rs-sr.xyz/,-1
https://old-antiek.ru/ver/app/index,-1
https://waq-q12com-oba-acesse-seu-carrinho-da-semana.com/MeusProdutos/Prefetch.php?skullid=360560511,-1
https://old-antiek.ru/ver/,-1
http://co-bcol.mobi/desbloqueos,-1
http://co-bcol.mobi/desbloqueos/USERscis=login-Dno-back-button.html,-1
http://co-bcol.mobi/desbloqueos/,-1
https://apzhlsz.000webhostapp.com/reversion.htm,-1
https://922ul.weblium.site/,-1
http://sfr-contact.u728813wr5.ha004.t.justns.ru/sfr/mobile/,-1
https://bit.ly/3cCMpZH,-1
http://www.ktca.org/almanac/index.shtml,1
http://www.cs.cmu.edu/afs/cs.cmu.edu/user/bam/www/numbers.html,1
http://www.copi.org/craig/events/today.html,1
http://440.com/twtd/today.html,1
http://www.dof.ca.gov/html/demograp/druhpar.asp,1
http://www.nh.gov/nhinfo/index.html,1
http://www.uidaho.edu/special-collections/other.repositories.html,1
http://www.archivists.org/catalog/stds99/index.html,1
http://www.aandc.org/collections/index.html,1
http://www.bl.uk/collections/sound-archive/cat.html,1
http://portal.unesco.org/ci/en/ev.php-url_id=5761&amp;url_do=do_topic&amp;url_section=201.html,1
http://www.tulane.edu/~lmiller/jazzhome.html,1
http://www.tulane.edu/~lmiller/daybook.html,1
http://www.archives.gov/research_room/alic/reference_desk/archives_resources/archival_terminology.html,1
http://www.jiscmail.ac.uk/lists/records-management-uk.html,1
http://www.jiscinfonet.ac.uk/infokits/edrm/index_html,1
http://www.cdt.org/egov/handbook/recordsmanagement.shtml,1
http://www.usdoj.gov/oip/oip.html,1
http://cio.doe.gov/rbmanagement/records/records.html,1
http://www.ocio.usda.gov/records/index.html,1
http://www.tc.gov.yk.ca/75.html,1
http://www.bl.uk/reshelp/findhelprestype/manuscripts/index.html,1
http://www.uspto.gov/patft/index.html,1
http://www.woodsholemuseum.org/woodspages/cllctns.html,1
http://www.windriverhistory.org/washakiearchi.html,1
http://www.milnelibrary.org/hlh.html,1
http://www.alexandria.lib.va.us/branches/lhsc.html,1
http://www.bland.k12.va.us/bland/rocky/gap.html,1
http://freepages.history.rootsweb.ancestry.com/~nashvillearchives/index.html,1
http://www.sos.state.il.us/departments/archives/archives.html,1
http://dlis.dos.state.fl.us/barm/fsa.html,1
http://www.tulane.edu/~lmiller/lacollection.html,1
http://www.nhhistory.org/specialcollections.html,1
http://www.michigan.gov/hal/016077-160-17445_19273_19313---00.html,1
http://www.lib.iastate.edu/spcl/wise/wise.html,1
http://lcweb2.loc.gov/ammem/wpaintro/wpahome.html,1
http://www.nypl.org/research/sc/scm/marb.html,1
http://www.americanjewisharchives.org/aja/index.html,1
http://www.tulane.edu/~lmiller/archives.html,1
http://www.lib.iastate.edu/spcl/arch/index.html,1
http://scilib.ucsd.edu/sio/archives/index.html,1
http://www.lib.uci.edu/libraries/collections/special/universityarchives.html,1
http://www.marquette.edu/library/collections/archives/uaintro.html,1
http://libweb.uoregon.edu/speccoll/archives/index.html,1
http://www.libraries.rutgers.edu/rul/libs/scua/university_archives/archives_main.shtml,1
http://library.wellcome.ac.uk/archmss.html,1
http://www.lib.auburn.edu/askref.html,1
http://www.fiu.edu/~library/services/asklib.html,1
http://www.kyvl.org/html/ref/helpform.shtml,1
http://www.nls.uk/info/readingrooms/askalibrarian.html,1
http://www.hpl.lib.tx.us/services/askalibrarian.html,1
http://www.intelihealth.com/ih/ihtih/wsihw000/24479/4464.html,1
http://www.goaskalice.columbia.edu/ask.html,1
http://www.dlife.com/diabetes/ask-an-expert.html,1
http://morsepcsupport.com/question.html,1
http://www.literacymatters.com/askanexpert.html,1
http://whale.wheelock.edu/whalenet-stuff/ask_sci.html,1
http://www.madsci.org/submit.html,1
http://www.soest.hawaii.edu/gg/ask/askanerd.html,1
http://image.gsfc.nasa.gov/poetry/ask/askmag.html,1
http://www.sciencebuddies.org/science-fair-projects/ask_an_expert_intro.shtml,1
http://www.isgs.uiuc.edu/about-isgs/staff-dir/ask-geo.shtml,1
http://www.umilta.net/bibliogr.html,1
http://www.eastgate.com/bibliography.html,1
http://www.lib.berkeley.edu/sseal/southasia/afghan.html,1
http://www.whale.to/d/biblio.html,1
http://us.geocities.com/rfaizer/biblio/index.html,1
http://www.utoronto.ca/webdocs/htmldocs/newhtml/bibliography.html,1
http://www.slf.ruhr-uni-bochum.de/learning/tanbib.html,1
http://www.thewildhunt.com/thegreen/mythologicalbooklist.shtml,1
http://www.acs.ucalgary.ca/~lipton/biblio.html,1
http://www.philobiblon.com/isitabook/bib.html,1
http://liinwww.ira.uka.de/bibliography/misc/hbp/index.html,1
http://oi.uchicago.edu/oi/dept/ra/recread/rec_read.html,1
http://home.versatel.nl/e.j.ter.bals/pages/indexpag.html,1
http://epress.lib.uh.edu/sepb/sepb.html,1
http://www.lib.berkeley.edu/doemoff/govinfo/intl/gov_eugde.html,1
http://www.nps.gov/history/museum/publications/mmpbib1.html,1
http://liinwww.ira.uka.de/bibliography/misc/digital.library.html,1
http://www.lib.vt.edu/help/instruct/evaluate/evalbiblio.html,1
http://members.tripod.com/~halfmoon/pict-books.html,1
http://www.leidenuniv.nl/nino/aeb.html,1
http://www.sil.si.edu/exhibitions/smithson-to-smithsonian/bibliography.html,1
http://www.geocities.com/leandro_fullon/index.html,1
http://iuscivile.com/materials/biblio.shtml,1
http://www.gandolf.com/reference/bibliography.shtml,1
http://www.geocities.com/rchonan/caesarscampaigns.html,1
http://www.chgs.umn.edu/links___bibliography/bibliography/bibliography.html,1
http://www.louisville.edu/a-s/english/subcultures/colors/black/bljett01/farebiblio.html,1
http://biblio.hiu.cas.cz/english.html,1
http://hua.umf.maine.edu/china/bibtxt2.html,1
http://www.andromeda.rutgers.edu/~jlynch/c18/biblio/index.html,1
http://www.fearofdolls.com/gorey.html,1
http://www.cmays.net/tmbib.shtml,1
http://www.lib.lsu.edu/hum/lit/authors.html,1
http://research.umbc.edu/~mccready/yeats3.html,1
http://home.pacbell.net/washley/hmbiblio/index.html,1
http://themargins.net/bibliography.html,1
http://www.rightword.com.au/writers/wilkie/wc/wcbiblio.html,1
http://www.library.wisc.edu/libraries/womensstudies/bibliogs/littrans.html,1
http://www.library.wisc.edu/libraries/womensstudies/bibliogs/mystery.html,1
http://www.pinn.net/~sunshine/biblio/theobib2.html,1
http://www.georgetown.edu/tamlit/collab_bib/collab_bib.html,1
http://www.unizar.es/departamentos/filologia_inglesa/garciala/bibliography.html,1
http://www.columbia.edu/cu/lweb/indiv/butlref/subj/aelit/amlit.html,1
http://physics.nist.gov/cuu/units/bibliography.html,1
http://accstr.ufl.edu/biblio.html,1
http://members.vienna.at/shrew/shrewbib.html,1
http://www.pitt.edu/~pwm/visbiblio.html,1
http://www.albany.edu/~knee/wolf.html,1
http://www.cs.brown.edu/stc/resea/sciviz/sciviz_bibliography.html,1
http://www.autrevie.com/sobralia/sobralia_thelit.html,1
http://mally.eco.rug.nl/spbib.html,1
http://lucy.ukc.ac.uk/makhzan/bibli.html,1
http://www.mum.edu/tm_research/bibliography.html,1
http://autrevie.com/stanhopea/stanhopea_thelit.html,1
http://liinwww.ira.uka.de/bibliography/theory/nld.html,1
http://www.literatureclassics.com/ancientpaths/religionbk.html,1
http://www.infoplease.com/dictionary.html,1
http://polyglot.lss.wisc.edu/dsna/index.html,1
http://www.kplay.cc/reference.html,1
http://www.atomiser.demon.co.uk/abbrev/index.html,1
http://www.nwlink.com/~donclark/hrd/acron.html,1
http://www.lib.berkeley.edu/eart/abbrev.html,1
http://cdiac.ornl.gov/pns/acronyms.html,1
http://www.cs.tut.fi/tlt/stuff/misc/babel.html,1
http://heasarc.gsfc.nasa.gov/docs/acronyms.html,1
http://www.usps.com/ncsc/lookups/abbrev.html,1
http://www.quine.org/uspsglos.html,1
http://www.freewarehof.org/acronyms.html,1
http://www.geocities.com/acronymarsenal/index.html,1
http://www.vpnavy.com/vpnavy_glossary.html,1
http://www.warbirdsresourcegroup.org/urg/glossary.html,1
http://www.tech-writer.net/arandiaacronyms.html,1
http://www.dtic.mil/doctrine/jel/doddict/acronym_index.html,1
http://www.globemaster.de/html/dictionary.html,1
http://www.noria.com/dictionary.html,1
http://www.wineloverspage.com/wineguest/wgg.html,1
http://www.antiquebottles.com/glossary.html,1
http://www.ucmp.berkeley.edu/glossary/glossary.html,1
http://www.geocities.com/athens/acropolis/5579/glossary.html,1
http://home.mira.net/~gnb/caving/glossary/s.html,1
http://www.obliquity.com/cats/diction.html,1
http://www.dcs.ed.ac.uk/home/jhb/whisky/glossary.html,1
http://www.uta.fi/fast/gc/mobspeak.html,1
http://cougartown.com/slang.html,1
http://www.rice.edu/armadillo/texas/talk.html,1
http://www.ldonline.org/ld_indepth/glossaries/ld_glossary.html,1
http://www.atsnotes.com/other/glossary.html,1
http://www.pcgs.com/lingo.chtml,1
http://www.tbtf.com/jargon-scout.html,1
http://perfumes.net/perfumes/glossary.html,1
http://www.slackpacker.com/lexicon.html,1
http://www.nyu.edu/library/resources/tsd/glossary.html,1
http://g.oswego.edu/dl/acs/glossary/glossary.html,1
http://www.aerofiles.com/glossary.html,1
http://www.brewery.org/brewery/infobase/acronyms.html,1
http://www.foodsci.uoguelph.ca/dairyedu/glossary.html,1
http://www.suburban-lawn.com/plantcar/referenc/glossary.html,1
http://maarec.cas.psu.edu/bkcd/glossary.html,1
http://www.lpb.org/programs/forest/glossary.html,1
http://agriculture.house.gov/info/glossary.html,1
http://oryza.com/glossary/grainsmarkets.shtml,1
http://cal.vet.upenn.edu/projects/swine/abc.html,1
http://www.epa.gov/oecaagct/ag101/porkglossary.html,1
http://www.ca-missions.org/illusgl.html,1
http://ah.bfn.org/a/dctnry/vocab.html,1
http://www.trp.dundee.ac.uk/research/glossary/glossary.html,1
http://www.angelfire.com/wy/svenskildbiter/madict.html,1
http://www.guitar9.com/glossary.html,1
http://www.zoo.co.uk/~z0001325/glossary.html,1
http://www.digitalexposure.ca/sub1.html,1
http://www.kodak.com/us/en/motion/students/support/glossary/glossary.jhtml,1
http://www.digicamguides.com/learn/digital-camera-terms.html,1
http://strategis.ic.gc.ca/epic/internet/inauto-auto.nsf/en/h_am00614e.html,1
http://www.tedhaynes.com/haynes1/newterms.html,1
http://www.washingtonpost.com/wp-dyn/business/specials/glossary/index.html,1
http://stocks.rwe.onvista.de/encyclopedia.html?lang=en,1
http://www.nytimes.com/library/financial/glossary/bfglosa.html,1
http://www.eduplace.com/grants/help/grantionary.html,1
http://strategis.ic.gc.ca/sc_mangb/ecomevnt/engdoc/glossary.html,1
http://www.udel.edu/alex/dictionary.html,1
http://www.marcommwise.com/glossaryindex.phtml,1
http://www.cbot.com/cbot/www/page/0139814+5400.html,1
http://www.transaction.net/money/glossary.html,1
http://biz.yahoo.com/f/g/g.html,1
http://www.traders.com/documentation/resource_docs/glossary/glossary.html,1
http://www.emuni.com/glossary.html,1
http://www.thebankingchannel.com/glossary.html,1
http://www.wave.net/upg/immigration/dot_index.html,1
http://www.wave.net/upg/immigration/sic_index.html,1
http://www.theodora.com/sic_index.html,1
http://www.coverageglossary.com/lcgroup_explanations.html,1
http://www.captive.com/service/signetstar/glosrein.html,1
http://www.rentlaw.com/resglossary.html,1
http://www.amex.com/dictionary/frinit.html,1
http://www.thirdage.com/features/tech/glossary/index.html,1
http://www.geocities.com/ikind_babel/babel/babel.html,1
http://www.computeruser.com/resources/dictionary/dictionary.html,1
http://pespmc1.vub.ac.be/asc/indexasc.html,1
http://www.directron.com/videoglossary.html,1
http://www.princetonimaging.com/scanning/glossary/index.html,1
http://www.netrino.com/publications/glossary/index.html,1
http://www.presidiotechnology.org/security-cameras/glossary.html,1
http://www.networkworld.com/links/encyclopedia/index.html,1
http://www.matisse.net/files/glossary.html,1
http://www.yourhtmlsource.com/starthere/glossary.html,1
http://www.webhostingratings.com/glossary.html,1
http://www.ollieclark.com/acronyms.html,1
http://www.al6400.com/resources/acronyms.shtml,1
http://www.beta-theta.com/doca/doca.html,1
http://uscash.net/tips/chat.html,1
http://www.searchengineguide.com/claiborne/2005/0426_sc1.html,1
http://www.astro.umd.edu/~marshall/abbrev.html,1
http://www.geocities.com/eedd88/abbreviations.html,1
http://www.muller-godschalk.com/acronyms.html,1
http://solarexpert.com/glossary.html,1
http://deeconcrete.com/concreteglossary.html,1
http://corrugated-metals.com/glossary.html,1
http://www.petersons.com/resources/gloss.html,1
http://www.vintageip.com/term.html,1
http://www.filmland.com/glossary/dictionary.html,1
http://www.bkgm.com/glossary.html,1
http://theminiaturespage.com/ref/glossary.html,1
http://www.gameprogrammer.com/glossary.html,1
http://www.pagat.com/national/index.html,1
http://www.seriouspoker.com/dictionary.html,1
http://www.conjelco.com/pokglossary.html,1
http://www.strauss.za.com/bridge_gloss.html,1
http://researchweb.watson.ibm.com/deepblue/reference/html/i.2.html,1
http://www.geo.ed.ac.uk/agidict/welcome.html,1
http://www.geographic.org/glossary.html,1
http://www.runet.edu/~swoodwar/classes/geog235/glossary.html,1
http://www.poeticbyway.com/glossary.html,1
http://www.sil.org/~radneyr/humanities//index.html,1
http://catb.org/~esr/sf-words/index.html,1
http://www.ismbook.com/ismlist.html,1
http://www.legalenglish.com/dictionary.html,1
http://www.uspto.gov/main/glossary/index.html,1
http://www.metrolink.net/~cmueller/ii-03.html,1
http://euro.ecom.cmu.edu/resources/elibrary/eclgloss.shtml,1
http://euro.ecom.cmu.edu/resources/elibrary/icgloss.shtml,1
http://www.prenhall.com/cjcentral/cjtoday/glossary/a.html,1
http://www.mpip.org/frameset.shtml?tools/dict/dictindex.html,1
http://members.tripod.com/~lifegard/index-2.html,1
http://www.defra.gov.uk/animalh/bse/glossary.html,1
http://www.waiting.com/glossary.html,1
http://www.ashastd.org/stdfaqs/glossaryindex.html,1
http://www.botanical.com/botanical/mgmh/comindx.html,1
http://www.hon.ch/library/theme/allergy/glossary/a.html,1
http://www.medbioworld.com/advice/dict.html,1
http://www.ornl.gov/sci/techresources/human_genome/glossary/index.shtml,1
http://www.cigna.com/health/consumer/dental/dental_glossary.html,1
http://www.cigna.com/health/consumer/medical/glossary.html,1
http://www.swintons.net/jonathan/academic/glossary.html,1
http://www.pohly.com/terms.html,1
http://users.ugent.be/~rvdstich/eugloss/welcome.html,1
http://www.inductel.com/med.html,1
http://www.castlewales.com/casterms.html,1
http://the-orb.net/medieval_terms.html,1
http://www.cdi.org/issues/glossary.html,1
http://www.dtic.mil/doctrine/jel/doddict/natoterm_index.html,1
http://www.ibiblio.org/hyperwar/usn/ref/nnv/usn-nnv_abc.html,1
http://www.realtime.net/~otto/handbook/bookglos.html,1
http://www.angelfire.com/wy/svenskildbiter/madict.html,1
http://www.andrews.com/kysc/terms.html,1
http://www.theatredance.com/dictionary.html,1
http://www.theatrecrafts.com/glossary/glossary.shtml,1
http://www.wqxr.com/cgi-bin/iowa/cla/learning/grove.html,1
http://www.abt.org/education/dictionary/index.html,1
http://www.theatredance.com/library.html,1
http://www.jewishpath.org/glossary.html,1
http://www.ccel.org/ccel/wace/biodict.dcb.html,1
http://vm.cfsan.fda.gov/~frf/pestglos.html,1
http://tigger.uic.edu/~hilbert/glossary.html,1
http://food.oregonstate.edu/glossary/index.html,1
http://www.osha.gov/sltc/etools/oilandgas/glossary_of_terms/glossary_of_terms_a.html,1
http://imagine.gsfc.nasa.gov/docs/dictionary.html,1
http://www.psrd.hawaii.edu/psrdglossary.html,1
http://biotechterms.org/sourcebook/index_kc.phtml,1
http://linkage.rockefeller.edu/wli/glossary/genetics.html,1
http://www.informatika.bf.uni-lj.si/magus.html,1
http://www.virtualmuseum.ca/exhibitions/birds/mmmn/english/glossary_data.html,1
http://www.on.ec.gc.ca/community/classroom/millennium/m2-glossary-e.html,1
http://www.literature.org/authors/darwin-charles/the-origin-of-species/glossary.html,1
http://highered.mcgraw-hill.com/sites/0072320419/student_view0/glossary_a-f.html#,1
http://www.biologybrowser.org/nomglos.html,1
http://www.mblab.gla.ac.uk/~julian/dict.html,1
http://aquat1.ifas.ufl.edu/glossary.html,1
http://soilslab.cfr.washington.edu/s-7/links.html,1
http://www.esf.edu/for/maynard/gene_glossery.html,1
http://www.anbg.gov.au/glossary/croft.html,1
http://www.geog.ubc.ca/biodiversity/eflora/ifbc_glossary.html,1
http://antoine.frostburg.edu/chem/senese/101/glossary.shtml,1
http://web.lemoyne.edu/~giunta/archema.html,1
http://www.angelfire.com/ego/reference/sci/dic.html,1
http://chemicool.com/dictionary.html,1
http://www.combichemistry.com/medical-chemistry-glossary.html,1
http://msds.chem.ox.ac.uk/glossary/glossary.html,1
http://www.chem.qmul.ac.uk/iupac/gtpoc/index.html,1
http://www.shodor.org/unchem/glossary.html,1
http://www.shsu.edu/~chemistry/glossary/a.html#a,1
http://yosemite.epa.gov/oar/globalwarming.nsf/content/glossary.html,1
http://www.shsu.edu/~chemistry/glossary/glos.html,1
http://cdiac.esd.ornl.gov/glossary.html,1
http://cdiac.ornl.gov/pns/acronyms.html,1
http://www.ecology.org/biod/library/glos_index.html,1
http://ebeltz.net/glacier/glacglos.html,1
http://seismo.berkeley.edu/~jill/glossary.html,1
http://geology.com/geology-dictionary.shtml,1
http://college.cengage.com/geology/resources/geologylink/glossary.html,1
http://volcano.oregonstate.edu/education/glossary.html,1
http://mitpress.mit.edu/books/flaoh/cbnhtml/glossary.html,1
http://g42.org/miscinfo/numbers.html,1
http://dorakmt.tripod.com/mtd/glosstat.html,1
http://home.comcast.net/~igpl/number_words.html,1
http://dorakmt.tripod.com/mtd/glosmath.html,1
http://www.umat.feec.vutbr.cz/%7enovakm/slovnik_matematicke_terminologie/index_en.html,1
http://www.cagenterprises.com/wx_glossary_a.html,1
http://cimss.ssec.wisc.edu/satmet/glossary/glossary.html,1
http://www.msc-smc.ec.gc.ca/education/msi/glossary/glossary_e.html?,1
http://stommel.tamu.edu/~baum/paleo/ocean/ocean.html,1
http://www.fortunecity.com/meltingpot/springdale/230/astrodic/index.html,1
http://atlas.ch/glossary/glossary.html,1
http://www.holonorth.com/glossary.html,1
http://www.firstbasesports.com/glossary.html,1
http://kola.netix.cz/slovnik/eng/bicycle.html,1
http://www.itu.int/terminology/index.html,1
http://www.io.com/gibbonsb/words.words.words.html,1
http://www.owlnet.rice.edu/~ling215/newwords/index.html,1
http://members.tripod.com/~itsmagic/etymolgy.html,1
http://www.geocities.com/athens/delphi/1979/trivia.html,1
http://ablemedia.com/ctcweb/showcase/roots.html,1
http://www.louisville.edu/~bmhawo01/econpage/meanings.html,1
http://www.geocities.com/soho/studios/9783/phond1.html,1
http://www.writeexpress.com/online.html,1
http://www.umich.edu/~umfandsf/symbolismproject/symbolism.html/,1
http://taxonomist.tripod.com/indexing/liungman.html,1
http://www.luckymojo.com/swastika.html,1
http://spotlightongames.com/quote/chinesewords.html,1
http://wordsmith.org/words/today.html,1
http://phrontistery.info/ihlstart.html,1
http://www.americanliterature.com/vocab.html,1
http://www.freedict.com/onldict/afr.html,1
http://www.buber.net/basque/euskara/hitz.html,1
http://www.logos.it/lang/transl_eu.html,1
http://www.breizh.net/saozneg/mahtmls.php,1
http://www.termcat.cat/termgia/termnorm/alfabetic/indx_en.html,1
http://public.csusm.edu/public/guests/raven/cherokee.dir/cherlexi.html,1
http://www.tigernt.com/cedict.shtml,1
http://www.unicode.org/charts/unihan.html,1
http://xml.ascc.net/en/utf-8/gloss.html,1
http://www.pinyinology.com/zidian/intro.html,1
http://www.mandarintools.com/cedict.html,1
http://www.archchinese.com/arch_animation.html,1
http://www.freedict.com/onldict/dan.html,1
http://dictionaries.travlang.com/danish.html,1
http://users.cybercity.dk/~nmb3879/dictionary/danpage.html,1
http://www.freedict.com/onldict/dut.html,1
http://www.newton.ac.uk/egypt/beinlich/beinlich.html,1
http://www.wordiq.com/dictionary.html,1
http://andromeda.rutgers.edu/~jlynch/texts/plan.html,1
http://dictionaries.travlang.com/esperanto.html,1
http://www.esperanto.org.nz/anzed/anzed.html,1
http://www.ibs.ee/ibs/estonian/syn/index.html,1
http://www.freedict.com/onldict/fin.html,1
http://math.tkk.fi/~kmikkola/matsan/matsan.html,1
http://foto.hut.fi/sanasto.html,1
http://humanities.uchicago.edu/orgs/artfl/forms_unrest/fr-eng.html,1
http://membres.lycos.fr/hortus/e_avion/glossaire.html,1
http://www.cs.stir.ac.uk/~kjt/sailing/eng-fr.html,1
http://www.span-e.com/a_wee_dictionary.html,1
http://www.beyond.fr/a/french.html,1
http://sheldonbrown.com/eng-fren.html,1
http://membres.lycos.fr/baobab/techdico.html,1
http://www-sul.stanford.edu/depts/swain/beilstein/bedict1.html,1
http://www.bibliotheks-glossar.de/index1.shtml,1
http://quickdic.org/index_e.html,1
http://www.canoo.net/index_en.html,1
http://homepage.bluewin.ch/cusipage/basicgerman.html,1
http://www.mennolink.org/doc/lg/index.html,1
http://www.y2kleader.com/kiribati/index.html,1
http://www.perseus.tufts.edu/lexica.html,1
http://www.soc.hawaii.edu/hwhp/hula/huladict.html,1
http://www.hisurf.com/hawaiian/dictionary.html,1
http://www.canoeplants.com/index.html,1
http://www.freedict.com/onldict/hun.html,1
http://www.ismal.hi.is/ob/index.en.html,1
http://www.ling.upenn.edu/~kurisuto/germanic/oi_zoega_about.html,1
http://pubs.usgs.gov/of/of95-807/geoicelandic.html,1
http://www.geocities.com/athens/acropolis/3629/igbo.html,1
http://www.freedict.com/onldict/ind.html,1
http://www.chass.utoronto.ca/~inuit/materials.html,1
http://www.ceantar.org/dicts/gram/index.html,1
http://www.ceantar.org/comp/gaeldi98.html,1
http://www.dm.unipi.it/~jama/alif/qaamuus/qaamuus_en.html,1
http://www.freedict.com/onldict/ita.html,1
http://www.reflex.it/diz_ingl-it-new.html,1
http://www.ss.ics.tut.ac.jp/pubdict/pubdict.html,1
http://www.freedict.com/onldict/jap.html,1
http://www.hikyaku.com/dico/onmyog.html,1
http://www.badguy.jp/onomato/onomato_f.html,1
http://www.foks.info/index.html,1
http://www.mizuho-sc.com/english/ebond/translation.html,1
http://www2.kokugakuin.ac.jp/ijcc/wp/bts/index.html,1
http://www.glopac.org/jparc/tjtglossary/tjtgloss.html,1
http://lsd.pharm.kyoto-u.ac.jp/en/index.html,1
